{
    "greeks": [{
        "delta": 0.5520187372272933,
        "gamma": 0.00706756515659829,
        "theta": -0.018532772783847958,
        "vega": 0.7274811132998142
    }]
}